review_id,question_id,evidence_state,translation_or_question_concern,independent_notes
R001,control__authority,,,
R002,control__authority,,,
R003,control__access,,,
R003,control__authority,,,
R003,control__comprehension,,,
R003,control__correction,,,
R003,control__effect,,,
R003,control__exercise,,,
R003,control__feasibility,,,
R003,control__reform,,,
R003,control__repair,,,
R003,trust__capability,,,
R003,trust__evidence_completeness,,,
R003,trust__governance_update,,,
R003,trust__harm_correction,,,
R003,trust__human_authority,,,
R003,trust__identity,,,
R003,trust__integrity,,,
R003,trust__monitoring,,,
R003,trust__reconstructability,,,
R003,trust__reliability,,,
R003,trust__scope,,,
R003,trust__uncertainty,,,
R004,control__access,,,
R004,control__authority,,,
R004,control__comprehension,,,
R004,control__correction,,,
R004,control__effect,,,
R004,control__exercise,,,
R004,control__feasibility,,,
R004,control__reform,,,
R004,control__repair,,,
R004,trust__capability,,,
R004,trust__evidence_completeness,,,
R004,trust__governance_update,,,
R004,trust__harm_correction,,,
R004,trust__human_authority,,,
R004,trust__identity,,,
R004,trust__integrity,,,
R004,trust__monitoring,,,
R004,trust__reconstructability,,,
R004,trust__reliability,,,
R004,trust__scope,,,
R004,trust__uncertainty,,,
R005,control__access,,,
R005,control__authority,,,
R005,control__comprehension,,,
R005,control__correction,,,
R005,control__effect,,,
R005,control__exercise,,,
R005,control__feasibility,,,
R005,control__reform,,,
R005,control__repair,,,
R005,trust__capability,,,
R005,trust__evidence_completeness,,,
R005,trust__governance_update,,,
R005,trust__harm_correction,,,
R005,trust__human_authority,,,
R005,trust__identity,,,
R005,trust__integrity,,,
R005,trust__monitoring,,,
R005,trust__reconstructability,,,
R005,trust__reliability,,,
R005,trust__scope,,,
R005,trust__uncertainty,,,
R006,control__access,,,
R006,control__authority,,,
R006,control__comprehension,,,
R006,control__correction,,,
R006,control__effect,,,
R006,control__exercise,,,
R006,control__feasibility,,,
R006,control__reform,,,
R006,control__repair,,,
R006,trust__capability,,,
R006,trust__evidence_completeness,,,
R006,trust__governance_update,,,
R006,trust__harm_correction,,,
R006,trust__human_authority,,,
R006,trust__identity,,,
R006,trust__integrity,,,
R006,trust__monitoring,,,
R006,trust__reconstructability,,,
R006,trust__reliability,,,
R006,trust__scope,,,
R006,trust__uncertainty,,,
R007,control__access,,,
R007,control__authority,,,
R007,control__comprehension,,,
R007,control__correction,,,
R007,control__effect,,,
R007,control__exercise,,,
R007,control__feasibility,,,
R007,control__reform,,,
R007,control__repair,,,
R007,trust__capability,,,
R007,trust__evidence_completeness,,,
R007,trust__governance_update,,,
R007,trust__harm_correction,,,
R007,trust__human_authority,,,
R007,trust__identity,,,
R007,trust__integrity,,,
R007,trust__monitoring,,,
R007,trust__reconstructability,,,
R007,trust__reliability,,,
R007,trust__scope,,,
R007,trust__uncertainty,,,
R008,control__access,,,
R008,control__authority,,,
R008,control__comprehension,,,
R008,control__correction,,,
R008,control__effect,,,
R008,control__exercise,,,
R008,control__feasibility,,,
R008,control__reform,,,
R008,control__repair,,,
R008,trust__capability,,,
R008,trust__evidence_completeness,,,
R008,trust__governance_update,,,
R008,trust__harm_correction,,,
R008,trust__human_authority,,,
R008,trust__identity,,,
R008,trust__integrity,,,
R008,trust__monitoring,,,
R008,trust__reconstructability,,,
R008,trust__reliability,,,
R008,trust__scope,,,
R008,trust__uncertainty,,,
R009,control__access,,,
R009,control__authority,,,
R009,control__comprehension,,,
R009,control__correction,,,
R009,control__effect,,,
R009,control__exercise,,,
R009,control__feasibility,,,
R009,control__reform,,,
R009,control__repair,,,
R009,trust__capability,,,
R009,trust__evidence_completeness,,,
R009,trust__governance_update,,,
R009,trust__harm_correction,,,
R009,trust__human_authority,,,
R009,trust__identity,,,
R009,trust__integrity,,,
R009,trust__monitoring,,,
R009,trust__reconstructability,,,
R009,trust__reliability,,,
R009,trust__scope,,,
R009,trust__uncertainty,,,
R010,control__access,,,
R010,control__authority,,,
R010,control__comprehension,,,
R010,control__correction,,,
R010,control__effect,,,
R010,control__exercise,,,
R010,control__feasibility,,,
R010,control__reform,,,
R010,control__repair,,,
R010,trust__capability,,,
R010,trust__evidence_completeness,,,
R010,trust__governance_update,,,
R010,trust__harm_correction,,,
R010,trust__human_authority,,,
R010,trust__identity,,,
R010,trust__integrity,,,
R010,trust__monitoring,,,
R010,trust__reconstructability,,,
R010,trust__reliability,,,
R010,trust__scope,,,
R010,trust__uncertainty,,,
R011,control__access,,,
R011,control__authority,,,
R011,control__comprehension,,,
R011,control__correction,,,
R011,control__effect,,,
R011,control__exercise,,,
R011,control__feasibility,,,
R011,control__reform,,,
R011,control__repair,,,
R011,trust__capability,,,
R011,trust__evidence_completeness,,,
R011,trust__governance_update,,,
R011,trust__harm_correction,,,
R011,trust__human_authority,,,
R011,trust__identity,,,
R011,trust__integrity,,,
R011,trust__monitoring,,,
R011,trust__reconstructability,,,
R011,trust__reliability,,,
R011,trust__scope,,,
R011,trust__uncertainty,,,
R012,control__access,,,
R012,control__authority,,,
R012,control__comprehension,,,
R012,control__correction,,,
R012,control__effect,,,
R012,control__exercise,,,
R012,control__feasibility,,,
R012,control__reform,,,
R012,control__repair,,,
R012,trust__capability,,,
R012,trust__evidence_completeness,,,
R012,trust__governance_update,,,
R012,trust__harm_correction,,,
R012,trust__human_authority,,,
R012,trust__identity,,,
R012,trust__integrity,,,
R012,trust__monitoring,,,
R012,trust__reconstructability,,,
R012,trust__reliability,,,
R012,trust__scope,,,
R012,trust__uncertainty,,,
R013,control__access,,,
R013,control__authority,,,
R013,control__comprehension,,,
R013,control__correction,,,
R013,control__effect,,,
R013,control__exercise,,,
R013,control__feasibility,,,
R013,control__reform,,,
R013,control__repair,,,
R013,trust__capability,,,
R013,trust__evidence_completeness,,,
R013,trust__governance_update,,,
R013,trust__harm_correction,,,
R013,trust__human_authority,,,
R013,trust__identity,,,
R013,trust__integrity,,,
R013,trust__monitoring,,,
R013,trust__reconstructability,,,
R013,trust__reliability,,,
R013,trust__scope,,,
R013,trust__uncertainty,,,
R014,control__access,,,
R014,control__authority,,,
R014,control__comprehension,,,
R014,control__correction,,,
R014,control__effect,,,
R014,control__exercise,,,
R014,control__feasibility,,,
R014,control__reform,,,
R014,control__repair,,,
R014,trust__capability,,,
R014,trust__evidence_completeness,,,
R014,trust__governance_update,,,
R014,trust__harm_correction,,,
R014,trust__human_authority,,,
R014,trust__identity,,,
R014,trust__integrity,,,
R014,trust__monitoring,,,
R014,trust__reconstructability,,,
R014,trust__reliability,,,
R014,trust__scope,,,
R014,trust__uncertainty,,,
R015,control__authority,,,
R016,control__access,,,
R016,control__authority,,,
R016,control__comprehension,,,
R016,control__correction,,,
R016,control__effect,,,
R016,control__exercise,,,
R016,control__feasibility,,,
R016,control__reform,,,
R016,control__repair,,,
R016,trust__capability,,,
R016,trust__evidence_completeness,,,
R016,trust__governance_update,,,
R016,trust__harm_correction,,,
R016,trust__human_authority,,,
R016,trust__identity,,,
R016,trust__integrity,,,
R016,trust__monitoring,,,
R016,trust__reconstructability,,,
R016,trust__reliability,,,
R016,trust__scope,,,
R016,trust__uncertainty,,,
R017,control__access,,,
R017,control__authority,,,
R017,control__comprehension,,,
R017,control__correction,,,
R017,control__effect,,,
R017,control__exercise,,,
R017,control__feasibility,,,
R017,control__reform,,,
R017,control__repair,,,
R017,trust__capability,,,
R017,trust__evidence_completeness,,,
R017,trust__governance_update,,,
R017,trust__harm_correction,,,
R017,trust__human_authority,,,
R017,trust__identity,,,
R017,trust__integrity,,,
R017,trust__monitoring,,,
R017,trust__reconstructability,,,
R017,trust__reliability,,,
R017,trust__scope,,,
R017,trust__uncertainty,,,
R018,control__access,,,
R018,control__authority,,,
R018,control__comprehension,,,
R018,control__correction,,,
R018,control__effect,,,
R018,control__exercise,,,
R018,control__feasibility,,,
R018,control__reform,,,
R018,control__repair,,,
R018,trust__capability,,,
R018,trust__evidence_completeness,,,
R018,trust__governance_update,,,
R018,trust__harm_correction,,,
R018,trust__human_authority,,,
R018,trust__identity,,,
R018,trust__integrity,,,
R018,trust__monitoring,,,
R018,trust__reconstructability,,,
R018,trust__reliability,,,
R018,trust__scope,,,
R018,trust__uncertainty,,,
R019,control__access,,,
R019,control__authority,,,
R019,control__comprehension,,,
R019,control__correction,,,
R019,control__effect,,,
R019,control__exercise,,,
R019,control__feasibility,,,
R019,control__reform,,,
R019,control__repair,,,
R019,trust__capability,,,
R019,trust__evidence_completeness,,,
R019,trust__governance_update,,,
R019,trust__harm_correction,,,
R019,trust__human_authority,,,
R019,trust__identity,,,
R019,trust__integrity,,,
R019,trust__monitoring,,,
R019,trust__reconstructability,,,
R019,trust__reliability,,,
R019,trust__scope,,,
R019,trust__uncertainty,,,
R020,control__access,,,
R020,control__authority,,,
R020,control__comprehension,,,
R020,control__correction,,,
R020,control__effect,,,
R020,control__exercise,,,
R020,control__feasibility,,,
R020,control__reform,,,
R020,control__repair,,,
R020,trust__capability,,,
R020,trust__evidence_completeness,,,
R020,trust__governance_update,,,
R020,trust__harm_correction,,,
R020,trust__human_authority,,,
R020,trust__identity,,,
R020,trust__integrity,,,
R020,trust__monitoring,,,
R020,trust__reconstructability,,,
R020,trust__reliability,,,
R020,trust__scope,,,
R020,trust__uncertainty,,,
R021,control__access,,,
R021,control__authority,,,
R021,control__comprehension,,,
R021,control__correction,,,
R021,control__effect,,,
R021,control__exercise,,,
R021,control__feasibility,,,
R021,control__reform,,,
R021,control__repair,,,
R021,trust__capability,,,
R021,trust__evidence_completeness,,,
R021,trust__governance_update,,,
R021,trust__harm_correction,,,
R021,trust__human_authority,,,
R021,trust__identity,,,
R021,trust__integrity,,,
R021,trust__monitoring,,,
R021,trust__reconstructability,,,
R021,trust__reliability,,,
R021,trust__scope,,,
R021,trust__uncertainty,,,
R022,control__access,,,
R022,control__authority,,,
R022,control__comprehension,,,
R022,control__correction,,,
R022,control__effect,,,
R022,control__exercise,,,
R022,control__feasibility,,,
R022,control__reform,,,
R022,control__repair,,,
R022,trust__capability,,,
R022,trust__evidence_completeness,,,
R022,trust__governance_update,,,
R022,trust__harm_correction,,,
R022,trust__human_authority,,,
R022,trust__identity,,,
R022,trust__integrity,,,
R022,trust__monitoring,,,
R022,trust__reconstructability,,,
R022,trust__reliability,,,
R022,trust__scope,,,
R022,trust__uncertainty,,,
R023,control__access,,,
R023,control__authority,,,
R023,control__comprehension,,,
R023,control__correction,,,
R023,control__effect,,,
R023,control__exercise,,,
R023,control__feasibility,,,
R023,control__reform,,,
R023,control__repair,,,
R023,trust__capability,,,
R023,trust__evidence_completeness,,,
R023,trust__governance_update,,,
R023,trust__harm_correction,,,
R023,trust__human_authority,,,
R023,trust__identity,,,
R023,trust__integrity,,,
R023,trust__monitoring,,,
R023,trust__reconstructability,,,
R023,trust__reliability,,,
R023,trust__scope,,,
R023,trust__uncertainty,,,
R024,control__access,,,
R024,control__authority,,,
R024,control__comprehension,,,
R024,control__correction,,,
R024,control__effect,,,
R024,control__exercise,,,
R024,control__feasibility,,,
R024,control__reform,,,
R024,control__repair,,,
R024,trust__capability,,,
R024,trust__evidence_completeness,,,
R024,trust__governance_update,,,
R024,trust__harm_correction,,,
R024,trust__human_authority,,,
R024,trust__identity,,,
R024,trust__integrity,,,
R024,trust__monitoring,,,
R024,trust__reconstructability,,,
R024,trust__reliability,,,
R024,trust__scope,,,
R024,trust__uncertainty,,,
R025,control__access,,,
R025,control__authority,,,
R025,control__comprehension,,,
R025,control__correction,,,
R025,control__effect,,,
R025,control__exercise,,,
R025,control__feasibility,,,
R025,control__reform,,,
R025,control__repair,,,
R025,trust__capability,,,
R025,trust__evidence_completeness,,,
R025,trust__governance_update,,,
R025,trust__harm_correction,,,
R025,trust__human_authority,,,
R025,trust__identity,,,
R025,trust__integrity,,,
R025,trust__monitoring,,,
R025,trust__reconstructability,,,
R025,trust__reliability,,,
R025,trust__scope,,,
R025,trust__uncertainty,,,
R026,control__authority,,,
R027,control__access,,,
R027,control__authority,,,
R027,control__comprehension,,,
R027,control__correction,,,
R027,control__effect,,,
R027,control__exercise,,,
R027,control__feasibility,,,
R027,control__reform,,,
R027,control__repair,,,
R027,trust__capability,,,
R027,trust__evidence_completeness,,,
R027,trust__governance_update,,,
R027,trust__harm_correction,,,
R027,trust__human_authority,,,
R027,trust__identity,,,
R027,trust__integrity,,,
R027,trust__monitoring,,,
R027,trust__reconstructability,,,
R027,trust__reliability,,,
R027,trust__scope,,,
R027,trust__uncertainty,,,
R028,control__access,,,
R028,control__authority,,,
R028,control__comprehension,,,
R028,control__correction,,,
R028,control__effect,,,
R028,control__exercise,,,
R028,control__feasibility,,,
R028,control__reform,,,
R028,control__repair,,,
R028,trust__capability,,,
R028,trust__evidence_completeness,,,
R028,trust__governance_update,,,
R028,trust__harm_correction,,,
R028,trust__human_authority,,,
R028,trust__identity,,,
R028,trust__integrity,,,
R028,trust__monitoring,,,
R028,trust__reconstructability,,,
R028,trust__reliability,,,
R028,trust__scope,,,
R028,trust__uncertainty,,,
R029,control__authority,,,
R030,control__access,,,
R030,control__authority,,,
R030,control__comprehension,,,
R030,control__correction,,,
R030,control__effect,,,
R030,control__exercise,,,
R030,control__feasibility,,,
R030,control__reform,,,
R030,control__repair,,,
R030,trust__capability,,,
R030,trust__evidence_completeness,,,
R030,trust__governance_update,,,
R030,trust__harm_correction,,,
R030,trust__human_authority,,,
R030,trust__identity,,,
R030,trust__integrity,,,
R030,trust__monitoring,,,
R030,trust__reconstructability,,,
R030,trust__reliability,,,
R030,trust__scope,,,
R030,trust__uncertainty,,,
R031,control__authority,,,
R032,control__access,,,
R032,control__authority,,,
R032,control__comprehension,,,
R032,control__correction,,,
R032,control__effect,,,
R032,control__exercise,,,
R032,control__feasibility,,,
R032,control__reform,,,
R032,control__repair,,,
R032,trust__capability,,,
R032,trust__evidence_completeness,,,
R032,trust__governance_update,,,
R032,trust__harm_correction,,,
R032,trust__human_authority,,,
R032,trust__identity,,,
R032,trust__integrity,,,
R032,trust__monitoring,,,
R032,trust__reconstructability,,,
R032,trust__reliability,,,
R032,trust__scope,,,
R032,trust__uncertainty,,,
R033,control__access,,,
R033,control__authority,,,
R033,control__comprehension,,,
R033,control__correction,,,
R033,control__effect,,,
R033,control__exercise,,,
R033,control__feasibility,,,
R033,control__reform,,,
R033,control__repair,,,
R033,trust__capability,,,
R033,trust__evidence_completeness,,,
R033,trust__governance_update,,,
R033,trust__harm_correction,,,
R033,trust__human_authority,,,
R033,trust__identity,,,
R033,trust__integrity,,,
R033,trust__monitoring,,,
R033,trust__reconstructability,,,
R033,trust__reliability,,,
R033,trust__scope,,,
R033,trust__uncertainty,,,
R034,control__access,,,
R034,control__authority,,,
R034,control__comprehension,,,
R034,control__correction,,,
R034,control__effect,,,
R034,control__exercise,,,
R034,control__feasibility,,,
R034,control__reform,,,
R034,control__repair,,,
R034,trust__capability,,,
R034,trust__evidence_completeness,,,
R034,trust__governance_update,,,
R034,trust__harm_correction,,,
R034,trust__human_authority,,,
R034,trust__identity,,,
R034,trust__integrity,,,
R034,trust__monitoring,,,
R034,trust__reconstructability,,,
R034,trust__reliability,,,
R034,trust__scope,,,
R034,trust__uncertainty,,,
R035,control__authority,,,
R036,control__authority,,,
R037,control__access,,,
R037,control__authority,,,
R037,control__comprehension,,,
R037,control__correction,,,
R037,control__effect,,,
R037,control__exercise,,,
R037,control__feasibility,,,
R037,control__reform,,,
R037,control__repair,,,
R037,trust__capability,,,
R037,trust__evidence_completeness,,,
R037,trust__governance_update,,,
R037,trust__harm_correction,,,
R037,trust__human_authority,,,
R037,trust__identity,,,
R037,trust__integrity,,,
R037,trust__monitoring,,,
R037,trust__reconstructability,,,
R037,trust__reliability,,,
R037,trust__scope,,,
R037,trust__uncertainty,,,
R038,control__access,,,
R038,control__authority,,,
R038,control__comprehension,,,
R038,control__correction,,,
R038,control__effect,,,
R038,control__exercise,,,
R038,control__feasibility,,,
R038,control__reform,,,
R038,control__repair,,,
R038,trust__capability,,,
R038,trust__evidence_completeness,,,
R038,trust__governance_update,,,
R038,trust__harm_correction,,,
R038,trust__human_authority,,,
R038,trust__identity,,,
R038,trust__integrity,,,
R038,trust__monitoring,,,
R038,trust__reconstructability,,,
R038,trust__reliability,,,
R038,trust__scope,,,
R038,trust__uncertainty,,,
R039,control__authority,,,
R040,control__access,,,
R040,control__authority,,,
R040,control__comprehension,,,
R040,control__correction,,,
R040,control__effect,,,
R040,control__exercise,,,
R040,control__feasibility,,,
R040,control__reform,,,
R040,control__repair,,,
R040,trust__capability,,,
R040,trust__evidence_completeness,,,
R040,trust__governance_update,,,
R040,trust__harm_correction,,,
R040,trust__human_authority,,,
R040,trust__identity,,,
R040,trust__integrity,,,
R040,trust__monitoring,,,
R040,trust__reconstructability,,,
R040,trust__reliability,,,
R040,trust__scope,,,
R040,trust__uncertainty,,,
R041,control__access,,,
R041,control__authority,,,
R041,control__comprehension,,,
R041,control__correction,,,
R041,control__effect,,,
R041,control__exercise,,,
R041,control__feasibility,,,
R041,control__reform,,,
R041,control__repair,,,
R041,trust__capability,,,
R041,trust__evidence_completeness,,,
R041,trust__governance_update,,,
R041,trust__harm_correction,,,
R041,trust__human_authority,,,
R041,trust__identity,,,
R041,trust__integrity,,,
R041,trust__monitoring,,,
R041,trust__reconstructability,,,
R041,trust__reliability,,,
R041,trust__scope,,,
R041,trust__uncertainty,,,
R042,control__authority,,,
R043,control__access,,,
R043,control__authority,,,
R043,control__comprehension,,,
R043,control__correction,,,
R043,control__effect,,,
R043,control__exercise,,,
R043,control__feasibility,,,
R043,control__reform,,,
R043,control__repair,,,
R043,trust__capability,,,
R043,trust__evidence_completeness,,,
R043,trust__governance_update,,,
R043,trust__harm_correction,,,
R043,trust__human_authority,,,
R043,trust__identity,,,
R043,trust__integrity,,,
R043,trust__monitoring,,,
R043,trust__reconstructability,,,
R043,trust__reliability,,,
R043,trust__scope,,,
R043,trust__uncertainty,,,
R044,control__authority,,,
R045,control__access,,,
R045,control__authority,,,
R045,control__comprehension,,,
R045,control__correction,,,
R045,control__effect,,,
R045,control__exercise,,,
R045,control__feasibility,,,
R045,control__reform,,,
R045,control__repair,,,
R045,trust__capability,,,
R045,trust__evidence_completeness,,,
R045,trust__governance_update,,,
R045,trust__harm_correction,,,
R045,trust__human_authority,,,
R045,trust__identity,,,
R045,trust__integrity,,,
R045,trust__monitoring,,,
R045,trust__reconstructability,,,
R045,trust__reliability,,,
R045,trust__scope,,,
R045,trust__uncertainty,,,
R046,control__access,,,
R046,control__authority,,,
R046,control__comprehension,,,
R046,control__correction,,,
R046,control__effect,,,
R046,control__exercise,,,
R046,control__feasibility,,,
R046,control__reform,,,
R046,control__repair,,,
R046,trust__capability,,,
R046,trust__evidence_completeness,,,
R046,trust__governance_update,,,
R046,trust__harm_correction,,,
R046,trust__human_authority,,,
R046,trust__identity,,,
R046,trust__integrity,,,
R046,trust__monitoring,,,
R046,trust__reconstructability,,,
R046,trust__reliability,,,
R046,trust__scope,,,
R046,trust__uncertainty,,,
R047,control__access,,,
R047,control__authority,,,
R047,control__comprehension,,,
R047,control__correction,,,
R047,control__effect,,,
R047,control__exercise,,,
R047,control__feasibility,,,
R047,control__reform,,,
R047,control__repair,,,
R047,trust__capability,,,
R047,trust__evidence_completeness,,,
R047,trust__governance_update,,,
R047,trust__harm_correction,,,
R047,trust__human_authority,,,
R047,trust__identity,,,
R047,trust__integrity,,,
R047,trust__monitoring,,,
R047,trust__reconstructability,,,
R047,trust__reliability,,,
R047,trust__scope,,,
R047,trust__uncertainty,,,
R048,control__access,,,
R048,control__authority,,,
R048,control__comprehension,,,
R048,control__correction,,,
R048,control__effect,,,
R048,control__exercise,,,
R048,control__feasibility,,,
R048,control__reform,,,
R048,control__repair,,,
R048,trust__capability,,,
R048,trust__evidence_completeness,,,
R048,trust__governance_update,,,
R048,trust__harm_correction,,,
R048,trust__human_authority,,,
R048,trust__identity,,,
R048,trust__integrity,,,
R048,trust__monitoring,,,
R048,trust__reconstructability,,,
R048,trust__reliability,,,
R048,trust__scope,,,
R048,trust__uncertainty,,,
R049,control__access,,,
R049,control__authority,,,
R049,control__comprehension,,,
R049,control__correction,,,
R049,control__effect,,,
R049,control__exercise,,,
R049,control__feasibility,,,
R049,control__reform,,,
R049,control__repair,,,
R049,trust__capability,,,
R049,trust__evidence_completeness,,,
R049,trust__governance_update,,,
R049,trust__harm_correction,,,
R049,trust__human_authority,,,
R049,trust__identity,,,
R049,trust__integrity,,,
R049,trust__monitoring,,,
R049,trust__reconstructability,,,
R049,trust__reliability,,,
R049,trust__scope,,,
R049,trust__uncertainty,,,
R050,control__authority,,,
R051,control__access,,,
R051,control__authority,,,
R051,control__comprehension,,,
R051,control__correction,,,
R051,control__effect,,,
R051,control__exercise,,,
R051,control__feasibility,,,
R051,control__reform,,,
R051,control__repair,,,
R051,trust__capability,,,
R051,trust__evidence_completeness,,,
R051,trust__governance_update,,,
R051,trust__harm_correction,,,
R051,trust__human_authority,,,
R051,trust__identity,,,
R051,trust__integrity,,,
R051,trust__monitoring,,,
R051,trust__reconstructability,,,
R051,trust__reliability,,,
R051,trust__scope,,,
R051,trust__uncertainty,,,
R052,control__access,,,
R052,control__authority,,,
R052,control__comprehension,,,
R052,control__correction,,,
R052,control__effect,,,
R052,control__exercise,,,
R052,control__feasibility,,,
R052,control__reform,,,
R052,control__repair,,,
R052,trust__capability,,,
R052,trust__evidence_completeness,,,
R052,trust__governance_update,,,
R052,trust__harm_correction,,,
R052,trust__human_authority,,,
R052,trust__identity,,,
R052,trust__integrity,,,
R052,trust__monitoring,,,
R052,trust__reconstructability,,,
R052,trust__reliability,,,
R052,trust__scope,,,
R052,trust__uncertainty,,,
R053,control__access,,,
R053,control__authority,,,
R053,control__comprehension,,,
R053,control__correction,,,
R053,control__effect,,,
R053,control__exercise,,,
R053,control__feasibility,,,
R053,control__reform,,,
R053,control__repair,,,
R053,trust__capability,,,
R053,trust__evidence_completeness,,,
R053,trust__governance_update,,,
R053,trust__harm_correction,,,
R053,trust__human_authority,,,
R053,trust__identity,,,
R053,trust__integrity,,,
R053,trust__monitoring,,,
R053,trust__reconstructability,,,
R053,trust__reliability,,,
R053,trust__scope,,,
R053,trust__uncertainty,,,
R054,control__access,,,
R054,control__authority,,,
R054,control__comprehension,,,
R054,control__correction,,,
R054,control__effect,,,
R054,control__exercise,,,
R054,control__feasibility,,,
R054,control__reform,,,
R054,control__repair,,,
R054,trust__capability,,,
R054,trust__evidence_completeness,,,
R054,trust__governance_update,,,
R054,trust__harm_correction,,,
R054,trust__human_authority,,,
R054,trust__identity,,,
R054,trust__integrity,,,
R054,trust__monitoring,,,
R054,trust__reconstructability,,,
R054,trust__reliability,,,
R054,trust__scope,,,
R054,trust__uncertainty,,,
R055,control__access,,,
R055,control__authority,,,
R055,control__comprehension,,,
R055,control__correction,,,
R055,control__effect,,,
R055,control__exercise,,,
R055,control__feasibility,,,
R055,control__reform,,,
R055,control__repair,,,
R055,trust__capability,,,
R055,trust__evidence_completeness,,,
R055,trust__governance_update,,,
R055,trust__harm_correction,,,
R055,trust__human_authority,,,
R055,trust__identity,,,
R055,trust__integrity,,,
R055,trust__monitoring,,,
R055,trust__reconstructability,,,
R055,trust__reliability,,,
R055,trust__scope,,,
R055,trust__uncertainty,,,
R056,control__access,,,
R056,control__authority,,,
R056,control__comprehension,,,
R056,control__correction,,,
R056,control__effect,,,
R056,control__exercise,,,
R056,control__feasibility,,,
R056,control__reform,,,
R056,control__repair,,,
R056,trust__capability,,,
R056,trust__evidence_completeness,,,
R056,trust__governance_update,,,
R056,trust__harm_correction,,,
R056,trust__human_authority,,,
R056,trust__identity,,,
R056,trust__integrity,,,
R056,trust__monitoring,,,
R056,trust__reconstructability,,,
R056,trust__reliability,,,
R056,trust__scope,,,
R056,trust__uncertainty,,,
R057,control__access,,,
R057,control__authority,,,
R057,control__comprehension,,,
R057,control__correction,,,
R057,control__effect,,,
R057,control__exercise,,,
R057,control__feasibility,,,
R057,control__reform,,,
R057,control__repair,,,
R057,trust__capability,,,
R057,trust__evidence_completeness,,,
R057,trust__governance_update,,,
R057,trust__harm_correction,,,
R057,trust__human_authority,,,
R057,trust__identity,,,
R057,trust__integrity,,,
R057,trust__monitoring,,,
R057,trust__reconstructability,,,
R057,trust__reliability,,,
R057,trust__scope,,,
R057,trust__uncertainty,,,
R058,control__access,,,
R058,control__authority,,,
R058,control__comprehension,,,
R058,control__correction,,,
R058,control__effect,,,
R058,control__exercise,,,
R058,control__feasibility,,,
R058,control__reform,,,
R058,control__repair,,,
R058,trust__capability,,,
R058,trust__evidence_completeness,,,
R058,trust__governance_update,,,
R058,trust__harm_correction,,,
R058,trust__human_authority,,,
R058,trust__identity,,,
R058,trust__integrity,,,
R058,trust__monitoring,,,
R058,trust__reconstructability,,,
R058,trust__reliability,,,
R058,trust__scope,,,
R058,trust__uncertainty,,,
R059,control__authority,,,
R060,control__access,,,
R060,control__authority,,,
R060,control__comprehension,,,
R060,control__correction,,,
R060,control__effect,,,
R060,control__exercise,,,
R060,control__feasibility,,,
R060,control__reform,,,
R060,control__repair,,,
R060,trust__capability,,,
R060,trust__evidence_completeness,,,
R060,trust__governance_update,,,
R060,trust__harm_correction,,,
R060,trust__human_authority,,,
R060,trust__identity,,,
R060,trust__integrity,,,
R060,trust__monitoring,,,
R060,trust__reconstructability,,,
R060,trust__reliability,,,
R060,trust__scope,,,
R060,trust__uncertainty,,,
R061,control__access,,,
R061,control__authority,,,
R061,control__comprehension,,,
R061,control__correction,,,
R061,control__effect,,,
R061,control__exercise,,,
R061,control__feasibility,,,
R061,control__reform,,,
R061,control__repair,,,
R061,trust__capability,,,
R061,trust__evidence_completeness,,,
R061,trust__governance_update,,,
R061,trust__harm_correction,,,
R061,trust__human_authority,,,
R061,trust__identity,,,
R061,trust__integrity,,,
R061,trust__monitoring,,,
R061,trust__reconstructability,,,
R061,trust__reliability,,,
R061,trust__scope,,,
R061,trust__uncertainty,,,
R062,control__access,,,
R062,control__authority,,,
R062,control__comprehension,,,
R062,control__correction,,,
R062,control__effect,,,
R062,control__exercise,,,
R062,control__feasibility,,,
R062,control__reform,,,
R062,control__repair,,,
R062,trust__capability,,,
R062,trust__evidence_completeness,,,
R062,trust__governance_update,,,
R062,trust__harm_correction,,,
R062,trust__human_authority,,,
R062,trust__identity,,,
R062,trust__integrity,,,
R062,trust__monitoring,,,
R062,trust__reconstructability,,,
R062,trust__reliability,,,
R062,trust__scope,,,
R062,trust__uncertainty,,,
R063,control__access,,,
R063,control__authority,,,
R063,control__comprehension,,,
R063,control__correction,,,
R063,control__effect,,,
R063,control__exercise,,,
R063,control__feasibility,,,
R063,control__reform,,,
R063,control__repair,,,
R063,trust__capability,,,
R063,trust__evidence_completeness,,,
R063,trust__governance_update,,,
R063,trust__harm_correction,,,
R063,trust__human_authority,,,
R063,trust__identity,,,
R063,trust__integrity,,,
R063,trust__monitoring,,,
R063,trust__reconstructability,,,
R063,trust__reliability,,,
R063,trust__scope,,,
R063,trust__uncertainty,,,
R064,control__authority,,,
R065,control__access,,,
R065,control__authority,,,
R065,control__comprehension,,,
R065,control__correction,,,
R065,control__effect,,,
R065,control__exercise,,,
R065,control__feasibility,,,
R065,control__reform,,,
R065,control__repair,,,
R065,trust__capability,,,
R065,trust__evidence_completeness,,,
R065,trust__governance_update,,,
R065,trust__harm_correction,,,
R065,trust__human_authority,,,
R065,trust__identity,,,
R065,trust__integrity,,,
R065,trust__monitoring,,,
R065,trust__reconstructability,,,
R065,trust__reliability,,,
R065,trust__scope,,,
R065,trust__uncertainty,,,
R066,control__access,,,
R066,control__authority,,,
R066,control__comprehension,,,
R066,control__correction,,,
R066,control__effect,,,
R066,control__exercise,,,
R066,control__feasibility,,,
R066,control__reform,,,
R066,control__repair,,,
R066,trust__capability,,,
R066,trust__evidence_completeness,,,
R066,trust__governance_update,,,
R066,trust__harm_correction,,,
R066,trust__human_authority,,,
R066,trust__identity,,,
R066,trust__integrity,,,
R066,trust__monitoring,,,
R066,trust__reconstructability,,,
R066,trust__reliability,,,
R066,trust__scope,,,
R066,trust__uncertainty,,,
R067,control__access,,,
R067,control__authority,,,
R067,control__comprehension,,,
R067,control__correction,,,
R067,control__effect,,,
R067,control__exercise,,,
R067,control__feasibility,,,
R067,control__reform,,,
R067,control__repair,,,
R067,trust__capability,,,
R067,trust__evidence_completeness,,,
R067,trust__governance_update,,,
R067,trust__harm_correction,,,
R067,trust__human_authority,,,
R067,trust__identity,,,
R067,trust__integrity,,,
R067,trust__monitoring,,,
R067,trust__reconstructability,,,
R067,trust__reliability,,,
R067,trust__scope,,,
R067,trust__uncertainty,,,
R068,control__access,,,
R068,control__authority,,,
R068,control__comprehension,,,
R068,control__correction,,,
R068,control__effect,,,
R068,control__exercise,,,
R068,control__feasibility,,,
R068,control__reform,,,
R068,control__repair,,,
R068,trust__capability,,,
R068,trust__evidence_completeness,,,
R068,trust__governance_update,,,
R068,trust__harm_correction,,,
R068,trust__human_authority,,,
R068,trust__identity,,,
R068,trust__integrity,,,
R068,trust__monitoring,,,
R068,trust__reconstructability,,,
R068,trust__reliability,,,
R068,trust__scope,,,
R068,trust__uncertainty,,,
R069,control__access,,,
R069,control__authority,,,
R069,control__comprehension,,,
R069,control__correction,,,
R069,control__effect,,,
R069,control__exercise,,,
R069,control__feasibility,,,
R069,control__reform,,,
R069,control__repair,,,
R069,trust__capability,,,
R069,trust__evidence_completeness,,,
R069,trust__governance_update,,,
R069,trust__harm_correction,,,
R069,trust__human_authority,,,
R069,trust__identity,,,
R069,trust__integrity,,,
R069,trust__monitoring,,,
R069,trust__reconstructability,,,
R069,trust__reliability,,,
R069,trust__scope,,,
R069,trust__uncertainty,,,
R070,control__access,,,
R070,control__authority,,,
R070,control__comprehension,,,
R070,control__correction,,,
R070,control__effect,,,
R070,control__exercise,,,
R070,control__feasibility,,,
R070,control__reform,,,
R070,control__repair,,,
R070,trust__capability,,,
R070,trust__evidence_completeness,,,
R070,trust__governance_update,,,
R070,trust__harm_correction,,,
R070,trust__human_authority,,,
R070,trust__identity,,,
R070,trust__integrity,,,
R070,trust__monitoring,,,
R070,trust__reconstructability,,,
R070,trust__reliability,,,
R070,trust__scope,,,
R070,trust__uncertainty,,,
R071,control__access,,,
R071,control__authority,,,
R071,control__comprehension,,,
R071,control__correction,,,
R071,control__effect,,,
R071,control__exercise,,,
R071,control__feasibility,,,
R071,control__reform,,,
R071,control__repair,,,
R071,trust__capability,,,
R071,trust__evidence_completeness,,,
R071,trust__governance_update,,,
R071,trust__harm_correction,,,
R071,trust__human_authority,,,
R071,trust__identity,,,
R071,trust__integrity,,,
R071,trust__monitoring,,,
R071,trust__reconstructability,,,
R071,trust__reliability,,,
R071,trust__scope,,,
R071,trust__uncertainty,,,
R072,control__access,,,
R072,control__authority,,,
R072,control__comprehension,,,
R072,control__correction,,,
R072,control__effect,,,
R072,control__exercise,,,
R072,control__feasibility,,,
R072,control__reform,,,
R072,control__repair,,,
R072,trust__capability,,,
R072,trust__evidence_completeness,,,
R072,trust__governance_update,,,
R072,trust__harm_correction,,,
R072,trust__human_authority,,,
R072,trust__identity,,,
R072,trust__integrity,,,
R072,trust__monitoring,,,
R072,trust__reconstructability,,,
R072,trust__reliability,,,
R072,trust__scope,,,
R072,trust__uncertainty,,,
R073,control__access,,,
R073,control__authority,,,
R073,control__comprehension,,,
R073,control__correction,,,
R073,control__effect,,,
R073,control__exercise,,,
R073,control__feasibility,,,
R073,control__reform,,,
R073,control__repair,,,
R073,trust__capability,,,
R073,trust__evidence_completeness,,,
R073,trust__governance_update,,,
R073,trust__harm_correction,,,
R073,trust__human_authority,,,
R073,trust__identity,,,
R073,trust__integrity,,,
R073,trust__monitoring,,,
R073,trust__reconstructability,,,
R073,trust__reliability,,,
R073,trust__scope,,,
R073,trust__uncertainty,,,
R074,control__access,,,
R074,control__authority,,,
R074,control__comprehension,,,
R074,control__correction,,,
R074,control__effect,,,
R074,control__exercise,,,
R074,control__feasibility,,,
R074,control__reform,,,
R074,control__repair,,,
R074,trust__capability,,,
R074,trust__evidence_completeness,,,
R074,trust__governance_update,,,
R074,trust__harm_correction,,,
R074,trust__human_authority,,,
R074,trust__identity,,,
R074,trust__integrity,,,
R074,trust__monitoring,,,
R074,trust__reconstructability,,,
R074,trust__reliability,,,
R074,trust__scope,,,
R074,trust__uncertainty,,,
R075,control__access,,,
R075,control__authority,,,
R075,control__comprehension,,,
R075,control__correction,,,
R075,control__effect,,,
R075,control__exercise,,,
R075,control__feasibility,,,
R075,control__reform,,,
R075,control__repair,,,
R075,trust__capability,,,
R075,trust__evidence_completeness,,,
R075,trust__governance_update,,,
R075,trust__harm_correction,,,
R075,trust__human_authority,,,
R075,trust__identity,,,
R075,trust__integrity,,,
R075,trust__monitoring,,,
R075,trust__reconstructability,,,
R075,trust__reliability,,,
R075,trust__scope,,,
R075,trust__uncertainty,,,
R076,control__access,,,
R076,control__authority,,,
R076,control__comprehension,,,
R076,control__correction,,,
R076,control__effect,,,
R076,control__exercise,,,
R076,control__feasibility,,,
R076,control__reform,,,
R076,control__repair,,,
R076,trust__capability,,,
R076,trust__evidence_completeness,,,
R076,trust__governance_update,,,
R076,trust__harm_correction,,,
R076,trust__human_authority,,,
R076,trust__identity,,,
R076,trust__integrity,,,
R076,trust__monitoring,,,
R076,trust__reconstructability,,,
R076,trust__reliability,,,
R076,trust__scope,,,
R076,trust__uncertainty,,,
R077,control__authority,,,
R078,control__access,,,
R078,control__authority,,,
R078,control__comprehension,,,
R078,control__correction,,,
R078,control__effect,,,
R078,control__exercise,,,
R078,control__feasibility,,,
R078,control__reform,,,
R078,control__repair,,,
R078,trust__capability,,,
R078,trust__evidence_completeness,,,
R078,trust__governance_update,,,
R078,trust__harm_correction,,,
R078,trust__human_authority,,,
R078,trust__identity,,,
R078,trust__integrity,,,
R078,trust__monitoring,,,
R078,trust__reconstructability,,,
R078,trust__reliability,,,
R078,trust__scope,,,
R078,trust__uncertainty,,,
R079,control__access,,,
R079,control__authority,,,
R079,control__comprehension,,,
R079,control__correction,,,
R079,control__effect,,,
R079,control__exercise,,,
R079,control__feasibility,,,
R079,control__reform,,,
R079,control__repair,,,
R079,trust__capability,,,
R079,trust__evidence_completeness,,,
R079,trust__governance_update,,,
R079,trust__harm_correction,,,
R079,trust__human_authority,,,
R079,trust__identity,,,
R079,trust__integrity,,,
R079,trust__monitoring,,,
R079,trust__reconstructability,,,
R079,trust__reliability,,,
R079,trust__scope,,,
R079,trust__uncertainty,,,
R080,control__access,,,
R080,control__authority,,,
R080,control__comprehension,,,
R080,control__correction,,,
R080,control__effect,,,
R080,control__exercise,,,
R080,control__feasibility,,,
R080,control__reform,,,
R080,control__repair,,,
R080,trust__capability,,,
R080,trust__evidence_completeness,,,
R080,trust__governance_update,,,
R080,trust__harm_correction,,,
R080,trust__human_authority,,,
R080,trust__identity,,,
R080,trust__integrity,,,
R080,trust__monitoring,,,
R080,trust__reconstructability,,,
R080,trust__reliability,,,
R080,trust__scope,,,
R080,trust__uncertainty,,,
R081,control__access,,,
R081,control__authority,,,
R081,control__comprehension,,,
R081,control__correction,,,
R081,control__effect,,,
R081,control__exercise,,,
R081,control__feasibility,,,
R081,control__reform,,,
R081,control__repair,,,
R081,trust__capability,,,
R081,trust__evidence_completeness,,,
R081,trust__governance_update,,,
R081,trust__harm_correction,,,
R081,trust__human_authority,,,
R081,trust__identity,,,
R081,trust__integrity,,,
R081,trust__monitoring,,,
R081,trust__reconstructability,,,
R081,trust__reliability,,,
R081,trust__scope,,,
R081,trust__uncertainty,,,
R082,control__access,,,
R082,control__authority,,,
R082,control__comprehension,,,
R082,control__correction,,,
R082,control__effect,,,
R082,control__exercise,,,
R082,control__feasibility,,,
R082,control__reform,,,
R082,control__repair,,,
R082,trust__capability,,,
R082,trust__evidence_completeness,,,
R082,trust__governance_update,,,
R082,trust__harm_correction,,,
R082,trust__human_authority,,,
R082,trust__identity,,,
R082,trust__integrity,,,
R082,trust__monitoring,,,
R082,trust__reconstructability,,,
R082,trust__reliability,,,
R082,trust__scope,,,
R082,trust__uncertainty,,,
R083,control__access,,,
R083,control__authority,,,
R083,control__comprehension,,,
R083,control__correction,,,
R083,control__effect,,,
R083,control__exercise,,,
R083,control__feasibility,,,
R083,control__reform,,,
R083,control__repair,,,
R083,trust__capability,,,
R083,trust__evidence_completeness,,,
R083,trust__governance_update,,,
R083,trust__harm_correction,,,
R083,trust__human_authority,,,
R083,trust__identity,,,
R083,trust__integrity,,,
R083,trust__monitoring,,,
R083,trust__reconstructability,,,
R083,trust__reliability,,,
R083,trust__scope,,,
R083,trust__uncertainty,,,
R084,control__access,,,
R084,control__authority,,,
R084,control__comprehension,,,
R084,control__correction,,,
R084,control__effect,,,
R084,control__exercise,,,
R084,control__feasibility,,,
R084,control__reform,,,
R084,control__repair,,,
R084,trust__capability,,,
R084,trust__evidence_completeness,,,
R084,trust__governance_update,,,
R084,trust__harm_correction,,,
R084,trust__human_authority,,,
R084,trust__identity,,,
R084,trust__integrity,,,
R084,trust__monitoring,,,
R084,trust__reconstructability,,,
R084,trust__reliability,,,
R084,trust__scope,,,
R084,trust__uncertainty,,,
R085,control__access,,,
R085,control__authority,,,
R085,control__comprehension,,,
R085,control__correction,,,
R085,control__effect,,,
R085,control__exercise,,,
R085,control__feasibility,,,
R085,control__reform,,,
R085,control__repair,,,
R085,trust__capability,,,
R085,trust__evidence_completeness,,,
R085,trust__governance_update,,,
R085,trust__harm_correction,,,
R085,trust__human_authority,,,
R085,trust__identity,,,
R085,trust__integrity,,,
R085,trust__monitoring,,,
R085,trust__reconstructability,,,
R085,trust__reliability,,,
R085,trust__scope,,,
R085,trust__uncertainty,,,
R086,control__access,,,
R086,control__authority,,,
R086,control__comprehension,,,
R086,control__correction,,,
R086,control__effect,,,
R086,control__exercise,,,
R086,control__feasibility,,,
R086,control__reform,,,
R086,control__repair,,,
R086,trust__capability,,,
R086,trust__evidence_completeness,,,
R086,trust__governance_update,,,
R086,trust__harm_correction,,,
R086,trust__human_authority,,,
R086,trust__identity,,,
R086,trust__integrity,,,
R086,trust__monitoring,,,
R086,trust__reconstructability,,,
R086,trust__reliability,,,
R086,trust__scope,,,
R086,trust__uncertainty,,,
R087,control__access,,,
R087,control__authority,,,
R087,control__comprehension,,,
R087,control__correction,,,
R087,control__effect,,,
R087,control__exercise,,,
R087,control__feasibility,,,
R087,control__reform,,,
R087,control__repair,,,
R087,trust__capability,,,
R087,trust__evidence_completeness,,,
R087,trust__governance_update,,,
R087,trust__harm_correction,,,
R087,trust__human_authority,,,
R087,trust__identity,,,
R087,trust__integrity,,,
R087,trust__monitoring,,,
R087,trust__reconstructability,,,
R087,trust__reliability,,,
R087,trust__scope,,,
R087,trust__uncertainty,,,
R088,control__access,,,
R088,control__authority,,,
R088,control__comprehension,,,
R088,control__correction,,,
R088,control__effect,,,
R088,control__exercise,,,
R088,control__feasibility,,,
R088,control__reform,,,
R088,control__repair,,,
R088,trust__capability,,,
R088,trust__evidence_completeness,,,
R088,trust__governance_update,,,
R088,trust__harm_correction,,,
R088,trust__human_authority,,,
R088,trust__identity,,,
R088,trust__integrity,,,
R088,trust__monitoring,,,
R088,trust__reconstructability,,,
R088,trust__reliability,,,
R088,trust__scope,,,
R088,trust__uncertainty,,,
R089,control__access,,,
R089,control__authority,,,
R089,control__comprehension,,,
R089,control__correction,,,
R089,control__effect,,,
R089,control__exercise,,,
R089,control__feasibility,,,
R089,control__reform,,,
R089,control__repair,,,
R089,trust__capability,,,
R089,trust__evidence_completeness,,,
R089,trust__governance_update,,,
R089,trust__harm_correction,,,
R089,trust__human_authority,,,
R089,trust__identity,,,
R089,trust__integrity,,,
R089,trust__monitoring,,,
R089,trust__reconstructability,,,
R089,trust__reliability,,,
R089,trust__scope,,,
R089,trust__uncertainty,,,
R090,control__access,,,
R090,control__authority,,,
R090,control__comprehension,,,
R090,control__correction,,,
R090,control__effect,,,
R090,control__exercise,,,
R090,control__feasibility,,,
R090,control__reform,,,
R090,control__repair,,,
R090,trust__capability,,,
R090,trust__evidence_completeness,,,
R090,trust__governance_update,,,
R090,trust__harm_correction,,,
R090,trust__human_authority,,,
R090,trust__identity,,,
R090,trust__integrity,,,
R090,trust__monitoring,,,
R090,trust__reconstructability,,,
R090,trust__reliability,,,
R090,trust__scope,,,
R090,trust__uncertainty,,,
R091,control__access,,,
R091,control__authority,,,
R091,control__comprehension,,,
R091,control__correction,,,
R091,control__effect,,,
R091,control__exercise,,,
R091,control__feasibility,,,
R091,control__reform,,,
R091,control__repair,,,
R091,trust__capability,,,
R091,trust__evidence_completeness,,,
R091,trust__governance_update,,,
R091,trust__harm_correction,,,
R091,trust__human_authority,,,
R091,trust__identity,,,
R091,trust__integrity,,,
R091,trust__monitoring,,,
R091,trust__reconstructability,,,
R091,trust__reliability,,,
R091,trust__scope,,,
R091,trust__uncertainty,,,
R092,control__access,,,
R092,control__authority,,,
R092,control__comprehension,,,
R092,control__correction,,,
R092,control__effect,,,
R092,control__exercise,,,
R092,control__feasibility,,,
R092,control__reform,,,
R092,control__repair,,,
R092,trust__capability,,,
R092,trust__evidence_completeness,,,
R092,trust__governance_update,,,
R092,trust__harm_correction,,,
R092,trust__human_authority,,,
R092,trust__identity,,,
R092,trust__integrity,,,
R092,trust__monitoring,,,
R092,trust__reconstructability,,,
R092,trust__reliability,,,
R092,trust__scope,,,
R092,trust__uncertainty,,,
R093,control__authority,,,
R094,control__access,,,
R094,control__authority,,,
R094,control__comprehension,,,
R094,control__correction,,,
R094,control__effect,,,
R094,control__exercise,,,
R094,control__feasibility,,,
R094,control__reform,,,
R094,control__repair,,,
R094,trust__capability,,,
R094,trust__evidence_completeness,,,
R094,trust__governance_update,,,
R094,trust__harm_correction,,,
R094,trust__human_authority,,,
R094,trust__identity,,,
R094,trust__integrity,,,
R094,trust__monitoring,,,
R094,trust__reconstructability,,,
R094,trust__reliability,,,
R094,trust__scope,,,
R094,trust__uncertainty,,,
