pair_id,decision,rationale,concern
D001,,,
D002,,,
D003,,,
D004,,,
D005,,,
D006,,,
D007,,,
D008,,,
D009,,,
D010,,,
D011,,,
D012,,,
D013,,,
D014,,,
D015,,,
D016,,,
D017,,,
D018,,,
D019,,,
D020,,,
D021,,,
D022,,,
D023,,,
D024,,,
D025,,,
D026,,,
D027,,,
D028,,,
D029,,,
D030,,,
D031,,,
D032,,,
D033,,,
D034,,,
D035,,,
D036,,,
D037,,,
D038,,,
D039,,,
D040,,,
D041,,,
D042,,,
D043,,,
D044,,,
D045,,,
D046,,,
D047,,,
D048,,,
D049,,,
D050,,,
D051,,,
D052,,,
D053,,,
D054,,,
D055,,,
D056,,,
D057,,,
D058,,,
D059,,,
D060,,,
