unit_id,state,rationale,concern
U066,,,
U111,,,
U076,,,
U003,,,
U153,,,
U216,,,
U036,,,
U091,,,
U098,,,
U147,,,
U047,,,
U064,,,
U088,,,
U149,,,
U112,,,
U110,,,
U097,,,
U115,,,
U155,,,
U026,,,
U028,,,
U084,,,
U213,,,
U068,,,
U182,,,
U116,,,
U054,,,
U045,,,
U093,,,
U107,,,
U043,,,
U023,,,
U173,,,
U007,,,
U092,,,
U086,,,
U010,,,
U150,,,
U056,,,
U109,,,
U156,,,
U071,,,
U081,,,
U148,,,
U172,,,
U024,,,
U017,,,
U188,,,
U134,,,
U035,,,
U212,,,
U177,,,
U113,,,
U046,,,
U207,,,
U178,,,
U186,,,
U118,,,
U014,,,
U169,,,
U132,,,
U145,,,
U069,,,
U058,,,
U164,,,
U205,,,
U197,,,
U096,,,
U136,,,
U103,,,
U167,,,
U206,,,
U106,,,
U190,,,
U082,,,
U070,,,
U077,,,
U215,,,
U065,,,
U015,,,
U208,,,
U166,,,
U135,,,
U001,,,
U202,,,
U154,,,
U052,,,
U138,,,
U008,,,
U193,,,
U074,,,
U029,,,
U123,,,
U133,,,
U031,,,
U159,,,
U209,,,
U160,,,
U073,,,
U020,,,
U108,,,
U161,,,
U021,,,
U200,,,
U101,,,
U171,,,
U048,,,
U037,,,
U104,,,
U080,,,
U141,,,
U062,,,
U099,,,
U168,,,
U203,,,
U013,,,
U059,,,
U060,,,
U094,,,
U041,,,
U124,,,
U002,,,
U011,,,
U038,,,
U143,,,
U196,,,
U189,,,
U079,,,
U012,,,
U019,,,
U157,,,
U114,,,
U165,,,
U194,,,
U184,,,
U137,,,
U006,,,
U152,,,
U067,,,
U176,,,
U040,,,
U214,,,
U129,,,
U170,,,
U125,,,
U199,,,
U127,,,
U018,,,
U049,,,
U087,,,
U121,,,
U122,,,
U179,,,
U146,,,
U030,,,
U144,,,
U039,,,
U183,,,
U180,,,
U063,,,
U057,,,
U085,,,
U204,,,
U055,,,
U050,,,
U100,,,
U119,,,
U090,,,
U095,,,
U078,,,
U061,,,
U083,,,
U075,,,
U102,,,
U175,,,
U004,,,
U022,,,
U117,,,
U211,,,
U128,,,
U005,,,
U032,,,
U162,,,
U187,,,
U130,,,
U051,,,
U140,,,
U151,,,
U142,,,
U072,,,
U009,,,
U181,,,
U042,,,
U163,,,
U191,,,
U016,,,
U027,,,
U053,,,
U089,,,
U025,,,
U185,,,
U195,,,
U120,,,
U201,,,
U034,,,
U210,,,
U105,,,
U174,,,
U192,,,
U158,,,
U198,,,
U131,,,
U044,,,
U126,,,
U033,,,
U139,,,
